index	fraction
KEGG Pathways	0.7061232811845999
KEGG Pathways extended	0.7077582470446
kid NOT KEGG Pathways	0.24982675576886998
Unmapped	0.040855366884999994
Brite Hierarhies	0.62008524288187
kid NOT Brite Hierarhies	0.3374997599316
Unmapped b	0.040855366884999994
